#,Image file,Title,Description,Alt text,Keywords,Pinterest board,Link (primary affiliate),Primary product,Other products
1,images/01-how-to-sit-properly-at-a-desk.png,How to Sit Properly at Your Desk (Simple Guide),"A quick visual guide to proper desk sitting posture, from foot placement to screen height. Save this before your next long work session.","Illustration: Correct Desk Sitting Posture - Six checkpoints, from your feet to your screen. How to Sit Properly at Your Desk (Simple Guide).",how to sit properly at a desk,Desk Posture & Ergonomics,https://www.amazon.com/dp/B01IJNJAZ0?tag=deskpostureat-20,Everlasting Comfort Original Lumbar Support Pillow,Everlasting Comfort Memory Foam Seat Cushion <https://www.amazon.com/dp/B01EBDV9BU?tag=deskpostureat-20>; Udemy: Correct Body Posture and Relieve Pain <https://www.udemy.com/course/correct-body-posture-and-relieve-pain/>
2,images/02-signs-of-bad-posture.png,7 Signs Your Posture Needs Fixing,"Rounded shoulders, forward head, and constant neck tension are common signs your posture is off. Here's what to look for before it gets worse.","Illustration: Signs of Bad Posture - The slump, traced over the posture it replaced. 7 Signs Your Posture Needs Fixing.",signs of bad posture,Desk Posture & Ergonomics,https://www.amazon.com/dp/B07SRW2D38?tag=deskpostureat-20,UPRIGHT GO 2 Posture Trainer (app-connected),Schiara Posture Corrector <https://www.amazon.com/dp/B07VST9VYH?tag=deskpostureat-20>
3,images/03-forward-head-posture-fix.png,How to Fix Forward Head Posture,Forward head posture from screen time can strain your neck and shoulders. These simple daily habits help bring your head back into alignment.,Illustration: Fix Forward Head Posture - Bring your ears back over your shoulders. How to Fix Forward Head Posture.,forward head posture fix,Desk Posture & Ergonomics,https://www.udemy.com/course/neck-shoulder-upper-back-stretching-to-improve-posture/,"Udemy: Neck, Shoulder & Upper Back Stretching to Improve Posture",ComfyBrace Posture Corrector <https://www.amazon.com/dp/B07ZQPKTVV?tag=deskpostureat-20>; VIVO Single Monitor Arm STAND-V001 <https://www.amazon.com/dp/B00B21TLQU?tag=deskpostureat-20>
4,images/04-tech-neck-exercises.png,Tech Neck Exercises You Can Do at Your Desk,Hours of looking down at screens can lead to tech neck. Try these quick stretches at your desk to relieve tension and improve alignment.,"Illustration: Tech Neck Exercises - Four moves, no equipment, right in your chair. Tech Neck Exercises You Can Do at Your Desk.",tech neck exercises,Desk Posture & Ergonomics,https://www.udemy.com/course/neck-shoulder-upper-back-stretching-to-improve-posture/,"Udemy: Neck, Shoulder & Upper Back Stretching to Improve Posture",Chirp Wheel+ 4in Neck Roller <https://www.amazon.com/dp/B09M678BZB?tag=deskpostureat-20>
5,images/05-upper-back-pain-from-sitting.png,Why Your Upper Back Hurts From Sitting All Day,Upper back pain often comes from prolonged sitting and poor desk posture. Understanding the cause is the first step to relief.,"Illustration: Upper Back Pain From Sitting - The hunch that builds up, hour by hour. Why Your Upper Back Hurts From Sitting All Day.",upper back pain from sitting,Desk Posture & Ergonomics,https://www.amazon.com/dp/B01IJNJAZ0?tag=deskpostureat-20,Everlasting Comfort Original Lumbar Support Pillow,Chirp Wheel+ Foam Roller (10in/12in) <https://www.amazon.com/dp/B0B88FZ1LC?tag=deskpostureat-20>; Udemy: Reverse Bad Posture Exercises <https://www.udemy.com/course/reverse-bad-posture-exercises/>
6,images/06-posture-correction-exercises-for-beginners.png,Posture Correction Exercises for Beginners,"New to fixing your posture? These beginner-friendly exercises target the muscles that support better alignment, no equipment needed.",Illustration: Posture Exercises for Beginners - Four easy moves that build better alignment. Posture Correction Exercises for Beginners.,posture correction exercises for beginners,Desk Posture & Ergonomics,https://www.udemy.com/course/reverse-bad-posture-exercises/,Udemy: Reverse Bad Posture Exercises,THERABAND Resistance Band Set <https://www.amazon.com/dp/B000LX4KRA?tag=deskpostureat-20>
7,images/07-desk-stretches-every-hour.png,Desk Stretches to Do Every Hour,Sitting too long without moving can worsen posture problems. These quick stretches take under a minute and fit right at your desk.,Illustration: Hourly Desk Stretch Routine - Set a timer. Run through these every hour. Desk Stretches to Do Every Hour.,desk stretches every hour,Desk Posture & Ergonomics,https://www.amazon.com/dp/B0DCCHV881?tag=deskpostureat-20,Time Timer PLUS 60-Minute Desk Visual Timer,"Udemy: Fix Your Posture - 15-Minute Back, Shoulders, Neck Exercises <https://www.udemy.com/course/fix-your-posture-15-minute-back-shoulders-neck-exercises/>"
8,images/08-ergonomic-desk-setup-ideas.png,Ergonomic Desk Setup Ideas for Better Posture,"A few adjustments to your desk setup can make a big difference for your posture. See how monitor height, chair position, and keyboard placement work together.","Illustration: Ergonomic Desk Setup Ideas - How monitor, keyboard and chair work together. Ergonomic Desk Setup Ideas for Better Posture.",ergonomic desk setup ideas,Desk Posture & Ergonomics,https://www.amazon.com/dp/B00B21TLQU?tag=deskpostureat-20,VIVO Single Monitor Arm STAND-V001,SIHOO M57 Ergonomic Office Chair <https://www.amazon.com/dp/B07BDFW1Y7?tag=deskpostureat-20>; HUANUO Dual Monitor Stand (gas spring) <https://www.amazon.com/dp/B08G8M72ZG?tag=deskpostureat-20>
9,images/09-correct-monitor-height-for-posture.png,The Right Monitor Height for Better Posture,A monitor set too low or too high can strain your neck without you noticing. Here's how to find the right eye-level height.,Illustration: Correct Monitor Height - Find your eye-level height in thirty seconds. The Right Monitor Height for Better Posture.,correct monitor height for posture,Desk Posture & Ergonomics,https://www.amazon.com/dp/B00B21TLQU?tag=deskpostureat-20,VIVO Single Monitor Arm STAND-V001,HUANUO Dual Monitor Stand (gas spring) <https://www.amazon.com/dp/B08G8M72ZG?tag=deskpostureat-20>; Nulaxy Adjustable Laptop Stand <https://www.amazon.com/dp/B077B9W343?tag=deskpostureat-20>
10,images/10-how-to-choose-an-ergonomic-chair.png,How to Choose an Ergonomic Chair That Actually Helps,"Not every ""ergonomic"" chair supports your posture the same way. Here's what to check before you decide on one.",Illustration: Choosing an Ergonomic Chair - Five things to check before you buy. How to Choose an Ergonomic Chair That Actually Helps.,how to choose an ergonomic chair,Desk Posture & Ergonomics,https://www.amazon.com/dp/B07BDFW1Y7?tag=deskpostureat-20,SIHOO M57 Ergonomic Office Chair,Steelcase Series 1 Office Chair <https://www.amazon.com/dp/B078HFDMKD?tag=deskpostureat-20>
11,images/11-standing-desk-vs-sitting-desk-posture.png,Standing Desk or Sitting Desk: Which Helps Posture More,Both setups can support better posture when used correctly. Here's how they compare for people who sit most of the day.,Illustration: Standing Desk vs Sitting Desk - What good posture looks like in each. Standing Desk or Sitting Desk: Which Helps Posture More.,standing desk vs sitting desk posture,Desk Posture & Ergonomics,https://www.amazon.com/dp/B094N16PQM?tag=deskpostureat-20,FlexiSpot E7 Pro Electric Standing Desk,FlexiSpot 35in Standing Desk Converter <https://www.amazon.com/dp/B0C8TMNWP8?tag=deskpostureat-20>
12,images/12-lumbar-support-pillow-for-office-chair.png,Do You Need a Lumbar Support Pillow at Your Desk,Lower back pain from sitting often comes down to missing support at the curve of your spine. Here's how a lumbar pillow can help.,"Illustration: Lumbar Support at Your Desk - Where it goes, and what it does. Do You Need a Lumbar Support Pillow at Your Desk.",lumbar support pillow for office chair,Desk Posture & Ergonomics,https://www.amazon.com/dp/B01IJNJAZ0?tag=deskpostureat-20,Everlasting Comfort Original Lumbar Support Pillow,
13,images/13-posture-corrector-before-and-after.png,What Changes With a Posture Corrector (Before and After),Consistent posture correction habits can visibly change shoulder and neck alignment over time. Here's a realistic look at what changes and what takes time.,"Illustration: Posture Correction: Before & After - Typical alignment change, overlaid on one plumb line. What Changes With a Posture Corrector (Before and After).",posture corrector before and after,Desk Posture & Ergonomics,https://www.amazon.com/dp/B07VST9VYH?tag=deskpostureat-20,Schiara Posture Corrector,UPRIGHT GO 2 Posture Trainer (app-connected) <https://www.amazon.com/dp/B07SRW2D38?tag=deskpostureat-20>; Udemy: Reverse Bad Posture Exercises <https://www.udemy.com/course/reverse-bad-posture-exercises/>
14,images/14-how-long-does-it-take-to-fix-posture.png,How Long Does It Actually Take to Fix Your Posture,"Posture doesn't change overnight, but small consistent habits add up. Here's a realistic timeline for noticeable improvement.","Illustration: How Long to Fix Posture - Small daily habits, stacked over weeks. How Long Does It Actually Take to Fix Your Posture.",how long does it take to fix posture,Desk Posture & Ergonomics,https://www.udemy.com/course/fix-your-posture-15-minute-back-shoulders-neck-exercises/,"Udemy: Fix Your Posture - 15-Minute Back, Shoulders, Neck Exercises",UPRIGHT GO 2 Posture Trainer (app-connected) <https://www.amazon.com/dp/B07SRW2D38?tag=deskpostureat-20>
15,images/15-laptop-stand-for-posture.png,Why a Laptop Stand Can Help Your Posture,Working directly on a laptop often means looking down and hunching forward. Raising the screen with a stand can change that.,Illustration: Laptop Stand for Better Posture - Raise the screen. Add a keyboard. Why a Laptop Stand Can Help Your Posture.,laptop stand for posture,Desk Posture & Ergonomics,https://www.amazon.com/dp/B077B9W343?tag=deskpostureat-20,Nulaxy Adjustable Laptop Stand,Logitech ERGO K860 Split Ergonomic Keyboard <https://www.amazon.com/dp/B07ZWK2TQT?tag=deskpostureat-20>
16,images/16-rounded-shoulders-fix.png,How to Fix Rounded Shoulders From Desk Work,Rounded shoulders are common after years of desk work and can affect posture beyond your upper body. These exercises help reverse the pattern.,"Illustration: Fix Rounded Shoulders - The doorway stretch, and three moves to pair with it. How to Fix Rounded Shoulders From Desk Work.",rounded shoulders fix,Desk Posture & Ergonomics,https://www.amazon.com/dp/B000LX4KRA?tag=deskpostureat-20,THERABAND Resistance Band Set,Udemy: Reverse Bad Posture Exercises <https://www.udemy.com/course/reverse-bad-posture-exercises/>
17,images/17-neck-pain-from-working-on-computer.png,Why Your Neck Hurts After a Full Day at the Computer,Neck pain after long computer sessions usually points to posture and screen position. Small setup changes can reduce the strain.,Illustration: Neck Pain From Computer Work - Your screen height may be the real culprit. Why Your Neck Hurts After a Full Day at the Computer.,neck pain from working on computer,Desk Posture & Ergonomics,https://www.amazon.com/dp/B00B21TLQU?tag=deskpostureat-20,VIVO Single Monitor Arm STAND-V001,Nulaxy Adjustable Laptop Stand <https://www.amazon.com/dp/B077B9W343?tag=deskpostureat-20>; RESTCLOUD Neck and Shoulder Relaxer <https://www.amazon.com/dp/B07QSFJ8S2?tag=deskpostureat-20>
18,images/18-how-to-check-your-posture-at-home.png,A Simple Way to Check Your Posture at Home,You don't need special equipment to see how your posture looks. This simple wall test takes less than a minute.,Illustration: Check Your Posture at Home - No equipment. Just a wall. A Simple Way to Check Your Posture at Home.,how to check your posture at home,Desk Posture & Ergonomics,https://www.amazon.com/dp/B07SRW2D38?tag=deskpostureat-20,UPRIGHT GO 2 Posture Trainer (app-connected),Udemy: Correct Body Posture and Relieve Pain <https://www.udemy.com/course/correct-body-posture-and-relieve-pain/>
19,images/19-office-chair-posture-tips.png,Office Chair Posture Tips That Actually Work,How you sit in your chair matters as much as the chair itself. These small adjustments can improve your posture right away.,"Illustration: Office Chair Posture Tips - Small adjustments, big difference. Office Chair Posture Tips That Actually Work.",office chair posture tips,Desk Posture & Ergonomics,https://www.amazon.com/dp/B01IJNJAZ0?tag=deskpostureat-20,Everlasting Comfort Original Lumbar Support Pillow,Everlasting Comfort Memory Foam Seat Cushion <https://www.amazon.com/dp/B01EBDV9BU?tag=deskpostureat-20>
20,images/20-keyboard-and-mouse-placement-for-posture.png,Keyboard and Mouse Placement for Better Posture,Reaching too far or too high for your keyboard and mouse can throw off your whole upper body posture. Here's where they should sit.,"Illustration: Keyboard and Mouse Placement - Keep everything close, and centred on you. Keyboard and Mouse Placement for Better Posture.",keyboard and mouse placement for posture,Desk Posture & Ergonomics,https://www.amazon.com/dp/B07ZWK2TQT?tag=deskpostureat-20,Logitech ERGO K860 Split Ergonomic Keyboard,Gimars Gel Memory Foam Keyboard + Mouse Wrist Rest Set <https://www.amazon.com/dp/B01M11FLUJ?tag=deskpostureat-20>
21,images/21-posture-correction-for-remote-workers.png,Posture Correction Tips for People Who Work From Home,Working from home often means less structured breaks and makeshift desk setups. These tips help protect your posture through the workday.,Illustration: Posture Tips for Remote Work - Turn a makeshift desk into a good one. Posture Correction Tips for People Who Work From Home.,posture correction for remote workers,Desk Posture & Ergonomics,https://www.amazon.com/dp/B077B9W343?tag=deskpostureat-20,Nulaxy Adjustable Laptop Stand,Everlasting Comfort Original Lumbar Support Pillow <https://www.amazon.com/dp/B01IJNJAZ0?tag=deskpostureat-20>; Everlasting Comfort Under-Desk Foot Rest <https://www.amazon.com/dp/B07PGLBCFG?tag=deskpostureat-20>
22,images/22-5-minute-posture-reset.png,5-Minute Posture Reset You Can Do at Your Desk,A short posture reset between meetings can undo some of the slouching from sitting. Here's a quick routine to try today.,"Illustration: 5-Minute Posture Reset - Four moves, five minutes, stay in your chair. 5-Minute Posture Reset You Can Do at Your Desk.",posture exercises for beginners at desk,Desk Posture & Ergonomics,https://www.amazon.com/dp/B0DCCHV881?tag=deskpostureat-20,Time Timer PLUS 60-Minute Desk Visual Timer,THERABAND Resistance Band Set <https://www.amazon.com/dp/B000LX4KRA?tag=deskpostureat-20>
23,images/23-text-neck-posture-correction.png,What Is Text Neck and How to Correct It,Text neck develops from constantly looking down at phones and screens. Here's what it looks like and how to start correcting it.,"Illustration: What Is Text Neck - Bring the phone up, not your head down. What Is Text Neck and How to Correct It.",text neck posture correction,Desk Posture & Ergonomics,https://www.udemy.com/course/text-neck/,Udemy: Text Neck - Pain Relief Stretches and Exercises,ComfyBrace Posture Corrector <https://www.amazon.com/dp/B07ZQPKTVV?tag=deskpostureat-20>
24,images/24-posture-correction-for-tall-people.png,Posture Correction Tips for Tall People at a Desk,"A standard desk setup doesn't always work for taller bodies, which can lead to extra strain. Here's how to adjust it properly.","Illustration: Posture Tips for Tall People - Adjust the desk to you, not the other way. Posture Correction Tips for Tall People at a Desk.",posture correction for tall people,Desk Posture & Ergonomics,https://www.amazon.com/dp/B094N16PQM?tag=deskpostureat-20,FlexiSpot E7 Pro Electric Standing Desk,HUANUO Dual Monitor Stand (gas spring) <https://www.amazon.com/dp/B08G8M72ZG?tag=deskpostureat-20>
25,images/25-wrist-pain-from-typing-posture.png,How Your Posture Affects Wrist Pain From Typing,"Wrist pain while typing is often connected to arm and shoulder posture, not just hand position. Here's how they're related.",Illustration: Wrist Pain From Typing - Keep forearm and hand in one line. How Your Posture Affects Wrist Pain From Typing.,wrist pain from typing posture,Desk Posture & Ergonomics,https://www.amazon.com/dp/B01M11FLUJ?tag=deskpostureat-20,Gimars Gel Memory Foam Keyboard + Mouse Wrist Rest Set,Logitech ERGO K860 Split Ergonomic Keyboard <https://www.amazon.com/dp/B07ZWK2TQT?tag=deskpostureat-20>
26,images/26-posture-correction-routine-morning.png,A Morning Routine to Support Better Posture All Day,A few minutes of movement before you sit down can set your posture up for the whole day. Here's a simple routine to start with.,Illustration: Morning Posture Routine - A five-minute wake-up for your spine. A Morning Routine to Support Better Posture All Day.,posture correction routine morning,Desk Posture & Ergonomics,https://www.udemy.com/course/fix-your-posture-15-minute-back-shoulders-neck-exercises/,"Udemy: Fix Your Posture - 15-Minute Back, Shoulders, Neck Exercises",THERABAND Resistance Band Set <https://www.amazon.com/dp/B000LX4KRA?tag=deskpostureat-20>
27,images/27-tension-headache-from-posture.png,Can Bad Posture Cause Tension Headaches,Tension headaches are sometimes linked to tight neck and shoulder muscles from poor desk posture. Here's what the connection looks like.,Illustration: Posture and Tension Headaches - How tight neck and shoulders can add up. Can Bad Posture Cause Tension Headaches.,tension headache from posture,Desk Posture & Ergonomics,https://www.amazon.com/dp/B09M678BZB?tag=deskpostureat-20,Chirp Wheel+ 4in Neck Roller,"Udemy: Neck, Shoulder & Upper Back Stretching to Improve Posture <https://www.udemy.com/course/neck-shoulder-upper-back-stretching-to-improve-posture/>; RESTCLOUD Neck and Shoulder Relaxer <https://www.amazon.com/dp/B07QSFJ8S2?tag=deskpostureat-20>"
28,images/28-posture-correction-for-students-studying.png,Posture Tips for Students Studying at a Desk,Long study sessions can lead to the same posture issues as desk jobs. These tips help students stay comfortable through longer sessions.,Illustration: Posture Tips for Studying - Stay comfortable through long sessions. Posture Tips for Students Studying at a Desk.,posture correction for students studying,Desk Posture & Ergonomics,https://www.amazon.com/dp/B077B9W343?tag=deskpostureat-20,Nulaxy Adjustable Laptop Stand,Everlasting Comfort Under-Desk Foot Rest <https://www.amazon.com/dp/B07PGLBCFG?tag=deskpostureat-20>; Everlasting Comfort Memory Foam Seat Cushion <https://www.amazon.com/dp/B01EBDV9BU?tag=deskpostureat-20>
29,images/29-things-that-help-posture-at-a-desk.png,Simple Things That Actually Help Posture at a Desk,"You don't need a full desk overhaul to support better posture. These small, practical changes make a noticeable difference.",Illustration: What Helps Desk Posture - Six simple things worth trying. Simple Things That Actually Help Posture at a Desk.,things that help posture at a desk,Desk Posture & Ergonomics,https://www.amazon.com/dp/B01IJNJAZ0?tag=deskpostureat-20,Everlasting Comfort Original Lumbar Support Pillow,Nulaxy Adjustable Laptop Stand <https://www.amazon.com/dp/B077B9W343?tag=deskpostureat-20>; Everlasting Comfort Under-Desk Foot Rest <https://www.amazon.com/dp/B07PGLBCFG?tag=deskpostureat-20>; Gimars Gel Memory Foam Keyboard + Mouse Wrist Rest Set <https://www.amazon.com/dp/B01M11FLUJ?tag=deskpostureat-20>; Time Timer PLUS 60-Minute Desk Visual Timer <https://www.amazon.com/dp/B0DCCHV881?tag=deskpostureat-20>; THERABAND Resistance Band Set <https://www.amazon.com/dp/B000LX4KRA?tag=deskpostureat-20>
30,images/30-posture-correction-timeline-what-to-expect.png,What to Expect When You Start Correcting Your Posture,The first few weeks of posture correction can feel more noticeable than comfortable. Here's what's normal and what to watch for.,Illustration: What to Expect Fixing Posture - What's normal as your body adjusts. What to Expect When You Start Correcting Your Posture.,posture correction timeline what to expect,Desk Posture & Ergonomics,https://www.udemy.com/course/reverse-bad-posture-exercises/,Udemy: Reverse Bad Posture Exercises,UPRIGHT GO 2 Posture Trainer (app-connected) <https://www.amazon.com/dp/B07SRW2D38?tag=deskpostureat-20>
