Title,Media URL,Pinterest board,Thumbnail,Description,Link,Publish date,Keywords
Running On Caffeine And Spite – Funny Sarcastic Coffee Mug,https://images-api.printify.com/mockup/6ab8a57ec2b97b96540c2a3f/65216/6310/running-on-caffeine-and-spite-funny-sarcastic-coffee-mug-11oz-novelty-gift.jpg,Funny Coffee Mugs,,"""Running on caffeine and spite"" — an 11oz ceramic coffee mug for anyone who runs on coffee and sarcasm. Funny office gift for coworkers, bosses and friends. Dishwasher and microwave safe. #funnymug #coffeemug #officegift #sarcasticgifts #giftsforcoworkers",https://www.ebay.com/itm/318929525352,2026-10-06T20:00:00,"funny coffee mug, sarcastic mug, office gift, coworker gift, coffee lover gift"
Technically I'm Awake – Funny Sarcastic Coffee Mug,https://images-api.printify.com/mockup/6ab8a5868e1ddfa43908541e/65216/6310/technically-im-awake-funny-sarcastic-coffee-mug-11oz-novelty-gift.jpg,Funny Coffee Mugs,,"""Technically I'm awake"" — an 11oz ceramic coffee mug for anyone who runs on coffee and sarcasm. Funny office gift for coworkers, bosses and friends. Dishwasher and microwave safe. #funnymug #coffeemug #officegift #sarcasticgifts #giftsforcoworkers",https://www.ebay.com/itm/318929525756,2026-10-07T20:00:00,"funny coffee mug, sarcastic mug, office gift, coworker gift, coffee lover gift"
I Survived Another Meeting That Should Have Been An Email – Funny Sarcastic Coffee Mug,https://images-api.printify.com/mockup/6ab8a58a4e29991eb2012577/65216/6310/i-survived-another-meeting-that-should-have-been-an-email-funny-sarcastic-coffee-mug-11oz-novelty-gift.jpg,Funny Coffee Mugs,,"""I survived another meeting that should have been an email"" — an 11oz ceramic coffee mug for anyone who runs on coffee and sarcasm. Funny office gift for coworkers, bosses and friends. Dishwasher and microwave safe. #funnymug #coffeemug #officegift #sarcasticgifts #giftsforcoworkers",https://www.ebay.com/itm/318929526103,2026-10-08T20:00:00,"funny coffee mug, sarcastic mug, office gift, coworker gift, coffee lover gift"
Don't Talk To Me Until This Is Empty – Funny Sarcastic Coffee Mug,https://images-api.printify.com/mockup/6ab9b1cad8dca326ab03ae07/65216/6310/dont-talk-to-me-until-this-is-empty-funny-sarcastic-coffee-mug-11oz-novelty-gift.jpg,Funny Coffee Mugs,,"""Don't talk to me until this is empty"" — an 11oz ceramic coffee mug for anyone who runs on coffee and sarcasm. Funny office gift for coworkers, bosses and friends. Dishwasher and microwave safe. #funnymug #coffeemug #officegift #sarcasticgifts #giftsforcoworkers",https://www.ebay.com/itm/318929526441,2026-10-09T20:00:00,"funny coffee mug, sarcastic mug, office gift, coworker gift, coffee lover gift"
Professional Overthinker – Funny Sarcastic Coffee Mug,https://images-api.printify.com/mockup/6ab9b1ce21c7665cbf093ae4/65216/6310/professional-overthinker-funny-sarcastic-coffee-mug-11oz-novelty-gift.jpg,Funny Coffee Mugs,,"""Professional overthinker"" — an 11oz ceramic coffee mug for anyone who runs on coffee and sarcasm. Funny office gift for coworkers, bosses and friends. Dishwasher and microwave safe. #funnymug #coffeemug #officegift #sarcasticgifts #giftsforcoworkers",https://www.ebay.com/itm/318929526725,2026-10-10T20:00:00,"funny coffee mug, sarcastic mug, office gift, coworker gift, coffee lover gift"
I'm Not Arguing I'm Explaining Why I'm Right – Funny Sarcastic Coffee Mug,https://images-api.printify.com/mockup/6ab9b1d17c646f746b082b70/65216/6310/im-not-arguing-im-explaining-why-im-right-funny-sarcastic-coffee-mug-11oz-novelty-gift.jpg,Funny Coffee Mugs,,"""I'm not arguing I'm explaining why I'm right"" — an 11oz ceramic coffee mug for anyone who runs on coffee and sarcasm. Funny office gift for coworkers, bosses and friends. Dishwasher and microwave safe. #funnymug #coffeemug #officegift #sarcasticgifts #giftsforcoworkers",https://www.ebay.com/itm/318929527170,2026-10-11T20:00:00,"funny coffee mug, sarcastic mug, office gift, coworker gift, coffee lover gift"
First Coffee Then Your Problems – Funny Sarcastic Coffee Mug,https://images-api.printify.com/mockup/6aba7081d57c6c9e710bcd32/65216/6310/first-coffee-then-your-problems-funny-sarcastic-coffee-mug-11oz-novelty-gift.jpg,Funny Coffee Mugs,,"""First coffee then your problems"" — an 11oz ceramic coffee mug for anyone who runs on coffee and sarcasm. Funny office gift for coworkers, bosses and friends. Dishwasher and microwave safe. #funnymug #coffeemug #officegift #sarcasticgifts #giftsforcoworkers",https://www.ebay.com/itm/318929528136,2026-10-12T20:00:00,"funny coffee mug, sarcastic mug, office gift, coworker gift, coffee lover gift"
Blood Type: Coffee – Funny Sarcastic Coffee Mug,https://images-api.printify.com/mockup/6aba708739163e87fd00b87e/65216/6310/blood-type-coffee-funny-sarcastic-coffee-mug-11oz-novelty-gift.jpg,Funny Coffee Mugs,,"""Blood type: coffee"" — an 11oz ceramic coffee mug for anyone who runs on coffee and sarcasm. Funny office gift for coworkers, bosses and friends. Dishwasher and microwave safe. #funnymug #coffeemug #officegift #sarcasticgifts #giftsforcoworkers",https://www.ebay.com/itm/318929528304,2026-10-13T20:00:00,"funny coffee mug, sarcastic mug, office gift, coworker gift, coffee lover gift"
Per My Last Coffee – Funny Sarcastic Coffee Mug,https://images-api.printify.com/mockup/6ac19b9b47e633b61106f1fb/65216/6310/funny-sarcastic-coffee-mug-office-gift-per-my-last-coffee.jpg,Funny Coffee Mugs,,"""Per my last coffee"" — an 11oz ceramic coffee mug for anyone who runs on coffee and sarcasm. Funny office gift for coworkers, bosses and friends. Dishwasher and microwave safe. #funnymug #coffeemug #officegift #sarcasticgifts #giftsforcoworkers",https://www.ebay.com/itm/860005535179,2026-10-14T20:00:00,"funny coffee mug, sarcastic mug, office gift, coworker gift, coffee lover gift"
Out Of Office – Funny Sarcastic Coffee Mug,https://images-api.printify.com/mockup/6ac19ba176bf2c316d08b898/65216/6310/funny-sarcastic-coffee-mug-office-gift-out-of-office.jpg,Funny Coffee Mugs,,"""Out of office"" — an 11oz ceramic coffee mug for anyone who runs on coffee and sarcasm. Funny office gift for coworkers, bosses and friends. Dishwasher and microwave safe. #funnymug #coffeemug #officegift #sarcasticgifts #giftsforcoworkers",https://www.ebay.com/itm/860005535317,2026-10-15T20:00:00,"funny coffee mug, sarcastic mug, office gift, coworker gift, coffee lover gift"
Monday Called. I Didn't Answer – Funny Sarcastic Coffee Mug,https://images-api.printify.com/mockup/6ac19ba766c79be274053e65/65216/6310/funny-sarcastic-coffee-mug-office-gift-monday-called-i-didnt-answer.jpg,Funny Coffee Mugs,,"""Monday called. I didn't answer"" — an 11oz ceramic coffee mug for anyone who runs on coffee and sarcasm. Funny office gift for coworkers, bosses and friends. Dishwasher and microwave safe. #funnymug #coffeemug #officegift #sarcasticgifts #giftsforcoworkers",https://www.ebay.com/itm/860005535481,2026-10-16T20:00:00,"funny coffee mug, sarcastic mug, office gift, coworker gift, coffee lover gift"
Decaf Is Not An Option – Funny Sarcastic Coffee Mug,https://images-api.printify.com/mockup/6ac2ee2dd27a0ae1b3073909/65216/6310/funny-sarcastic-coffee-mug-office-gift-decaf-is-not-an-option.jpg,Funny Coffee Mugs,,"""Decaf is not an option"" — an 11oz ceramic coffee mug for anyone who runs on coffee and sarcasm. Funny office gift for coworkers, bosses and friends. Dishwasher and microwave safe. #funnymug #coffeemug #officegift #sarcasticgifts #giftsforcoworkers",https://www.ebay.com/itm/860009160759,2026-10-17T20:00:00,"funny coffee mug, sarcastic mug, office gift, coworker gift, coffee lover gift"
I'm Fine. The Coffee Is Doing All The Work – Funny Sarcastic Coffee Mug,https://images-api.printify.com/mockup/6ac2ee4050c74d1aaa017758/65216/6310/funny-sarcastic-coffee-mug-office-gift-im-fine-the-coffee-is-doing-all-the-work.jpg,Funny Coffee Mugs,,"""I'm fine. The coffee is doing all the work"" — an 11oz ceramic coffee mug for anyone who runs on coffee and sarcasm. Funny office gift for coworkers, bosses and friends. Dishwasher and microwave safe. #funnymug #coffeemug #officegift #sarcasticgifts #giftsforcoworkers",https://www.ebay.com/itm/860009161574,2026-10-18T20:00:00,"funny coffee mug, sarcastic mug, office gift, coworker gift, coffee lover gift"
This Meeting Needs More Coffee – Funny Sarcastic Coffee Mug,https://images-api.printify.com/mockup/6ac2ee4b63d599869609bb1b/65216/6310/funny-sarcastic-coffee-mug-office-gift-this-meeting-needs-more-coffee.jpg,Funny Coffee Mugs,,"""This meeting needs more coffee"" — an 11oz ceramic coffee mug for anyone who runs on coffee and sarcasm. Funny office gift for coworkers, bosses and friends. Dishwasher and microwave safe. #funnymug #coffeemug #officegift #sarcasticgifts #giftsforcoworkers",https://www.ebay.com/itm/860009161878,2026-10-19T20:00:00,"funny coffee mug, sarcastic mug, office gift, coworker gift, coffee lover gift"
